Source Well,Volume to add to pool,Dest. well
A1,8.880126183,1
B1,9.695752009,1
C1,8.889473684,2
D1,9.388549194,1
E1,9.404231626,1
F1,9.802669762,1
G1,9.923619271,1
H1,10,1
I1,9.988172679,1
J1,8.764919564,1
K1,11.30522088,2
L1,10.36832413,2
M1,10.69664345,2
N1,10.78544061,2
O1,10.34292713,2
P1,10.34292713,
