Source Well,Volume to add to pool,Dest. well
A1,8.880126183,1
B1,9.695752009,1
C1,8.889473684,2
D1,9.388549194,1
E1,9.404231626,1
F1,9.802669762,1
G1,9.923619271,1
H1,10,1
A2,9.988172679,1
B2,8.764919564,1
C2,11.30522088,2
D2,10.36832413,2
E2,10.69664345,2
F2,10.78544061,2
G2,10.34292713,2
H2,10.34292713,
